"Timestamp","Email Address","Your Name","Your Registration No.","Your Phone Number","Problem You are Facing"
"2018/06/17 9:51:13 PM GMT+5:30","harshithamanjunath86@gmail.com","harshithamanjunath86@gmail.com","40316101026","9742302321","Didn't get otp"
"2018/06/18 12:22:21 AM GMT+5:30","Venuns14@gmail.com ","venuns14@gmail.com","40315101110 ","9343508257","I have 4 subjects for feed back.But one subject WHITE COLLAR CRIMES IS NOT APPEARING IN THE FEEDBACK SYSTEM "
"2018/06/18 12:28:40 AM GMT+5:30","Venuns14@gmail.com ","venuns14@gmail.com","40315101110","9343508257","I have to give feedback for 4 subjects but I was able to give feedback for 3 subjects only since white collar crimes subject is missing in your feedback system"
"2018/06/18 12:38:17 AM GMT+5:30","Vinods.shingade@redifufmail.com","vinods.shingade@rediffmail.com","40316101108","7760768340","Not able to cheack in"
"2018/06/18 9:10:49 PM GMT+5:30","mkseervi321@gmail.com","mkseervi321@gmail.com","40315101034","8050019912","its not opening & not receiving any OTP
"
"2018/06/19 10:04:18 AM GMT+5:30","nehaalur2096@gmail.com","nehaalur2096@gmail.com","42014221035","7337823812","Error"
"2018/06/19 11:30:32 AM GMT+5:30","fouzdar7@gmail.com ","fouzdar7@gmail.com","40317221103","9986942972","Not able to login "
"2018/06/19 11:40:56 AM GMT+5:30","Itsmeritikaprasad1999@gmail.com","itsmeritikaprasad1999@gamil.com","40317221095","9304282203","My number is changed and i am not receiving the otp"
"2018/06/19 11:43:47 AM GMT+5:30","tbeast518@gmail.com ","tbeast518@gmail.com","4035101081","8123647123","ChabgeCof my numbernton8123647123"
"2018/06/19 11:52:14 AM GMT+5:30","harshilja.91@gmail.com","harshilja.91@gmail.com","40317101046","9481582372","Not able to login"
"2018/06/19 11:59:09 AM GMT+5:30","bapatsmruti@gmail.com","bapatsmruti@gmail.com","40317221111","9448688063","Unable to login using the given OTP"
"2018/06/19 12:00:16 PM GMT+5:30","sachsan32@gmail.com","sachsan32@gmail.com","40317101093","9980521232","I am unable to login the feedback form"
"2018/06/19 12:01:06 PM GMT+5:30","harshilja.91@gmail.com","harshilja.91@gmail.com","40317101046","9481582372","Not able to login"
"2018/06/19 12:02:18 PM GMT+5:30","pavisri650@gmail.com","pavisri650@gmail.com","40317101075","09611738209","After singing with OTP I'm getting error msg"
"2018/06/19 12:02:25 PM GMT+5:30","n.papu.vandana@gmail.com ","n.papu.vandana@gmail.com","4371010164","8197865474","Not able to enter otp"
"2018/06/19 12:03:47 PM GMT+5:30","palashsahu97@gmail.com","palashsahu97@gmail.com","40317221080","8962150553","Not able to access"
"2018/06/19 12:04:06 PM GMT+5:30","tatiana98lyngdoh@gmail.","tatiana98lyngdoh@gmail.com","40317221117","9862505625","I cannot have accaac to the page"
"2018/06/19 12:05:15 PM GMT+5:30","Itsmeritikaprasad1999@gmail.com","itsmeritikaprasad1999@gamil.com","40317221095","9304282203","My number has changed i cannot get the otp"
"2018/06/19 12:06:12 PM GMT+5:30","shilpamgowda14@gmail.com","shilpamgowda14@gmail.com","40317321051","8951930145","I am not receiving OTP number"
"2018/06/19 12:07:08 PM GMT+5:30","rampurasamashritha@gmail.com","rampurasamashritha@gmail.com","40317221099","8050941709","Not able to login"
"2018/06/19 12:08:12 PM GMT+5:30","vachanamrutharv99@gmail.com","vachanamrutharv99@gmail.com","40317221092","9740619781","Not receiving OTP"
"2018/06/19 12:12:29 PM GMT+5:30","sr.jyothilakshmi007@gmail.com","sr.jyothilakshmi007@gmail.com","4037101048","9738869094","Not able to give feedback"
"2018/06/19 12:12:42 PM GMT+5:30","Nikhiljs66607@gmail.com ","nikhiljs66607@gmail.com","40314221020","9538062063","I didn't get feedback message "
"2018/06/19 12:14:45 PM GMT+5:30","tatiana98lyngdoh@gmail.com","tatiana98lyngdoh@gmail.com","40317221117","9862505625","I cannot have access to the feedback form. The debug page is continuously coming everytime I try to have access"
"2018/06/19 12:44:30 PM GMT+5:30","tatiana98lyngdoh@gmail.com","tatiana98lyngdoh@gmail.com","40317221117","9862505635","I cannot have access due to which i'm not getting my hall ticket. Could you please do the needful as soon as possible. "
"2018/06/19 1:05:50 PM GMT+5:30","nandkeolyar.aayush@gmail.com","nandkeolyar.aayush@gmail.com","hvhvh","+918904404007","jbjbjb"
"2018/06/19 1:36:59 PM GMT+5:30","Syed7867123@gmail.com","syed7867123@gmail.com","40316101098","8095856949","Invalid usn"
"2018/06/19 1:39:20 PM GMT+5:30","madhusudanreddi@gmail.com","madhusudanreddi@gmail.com","40317101059","9448598769","What is the username to be typed?"
"2018/06/19 2:32:37 PM GMT+5:30","meghamotimath@gmail.com ","meghamotimath@gmail.com","40315101042","8050272524","It shows error"
"2018/06/19 2:37:03 PM GMT+5:30","satishreddy994@gmail.com","satishreddy994@gmail.com","40315101089","8123602599","Not getting login"
"2018/06/19 2:49:07 PM GMT+5:30","keju21895@gmail.com","keju21895@gmail.com","40317101002","08017148336","Unable to submit feedback"
"2018/06/19 4:15:26 PM GMT+5:30","gurucharan7696@gmail.com","gurucharan7696@gmail.com","40317101040","7760475360","Not getting OTP"
"2018/06/19 4:31:26 PM GMT+5:30","ramyarachu96@gmail.com","ramyarachu96@gmail.com","40317101089","9686589785","Feedback pores not working"
"2018/06/19 6:07:57 PM GMT+5:30","divyashreeiyer@gmail.com","divyashreeiyer@gmail.com","40315101018","9986000311","yes"
"2018/06/19 8:33:15 PM GMT+5:30"," manu.chowdhurisr400@gmail.com","manu.chowdhurisr400@gmail.com","40317101060","7411957323","yes 
"
"2018/06/19 8:35:49 PM GMT+5:30","manu.chowdhurisr400@gmail.com","manu.chowdhurisr400@gmail.com","40317101060","8971561183"," I am unable to sign in"
"2018/06/19 10:59:36 PM GMT+5:30","themanju@gmail.com","themanju@gmail.com","40317321027","9886023345","Unable to get the OTP"
"2018/06/20 7:18:47 AM GMT+5:30","dileep.paturu@gmail.com","dileep.paturu@gmail.com","40316101050","9985439901","My registration number 40316101050 is being shown as invalid."
"2018/06/20 8:16:45 AM GMT+5:30","Zubair2016a@gmail.com","zubair2016a@gmail.com","40317101128","8050196766","Not receiving otp"
"2018/06/20 9:12:22 AM GMT+5:30","pavanllb5@gmail.com","pavanllb5@gmail.com","40314221021","8970694440","NOT GETTING OTP ON MOBILE
"
"2018/06/20 9:31:58 AM GMT+5:30","darshangowdalk94@gmail.com","darshangowdalk94@gmail.com","40317101030","9591999985","Nothing as such"
"2018/06/20 10:25:18 AM GMT+5:30","ganesh1993br@gmail.com","ganesh1993br@gmail.com","40315101020","8088862649","OTP not coming"
"2018/06/20 10:25:51 AM GMT+5:30","aru15393@icloud.com","aru15393@icloud.com","40317101017","8197891118","Invalid ID"
"2018/06/20 10:29:55 AM GMT+5:30","pavanllb5@gmail.com","pavanllb5@gmail.com","40314221021","8970694440","Not able to sing in"
"2018/06/20 10:44:56 AM GMT+5:30","pavanllb5@gmail.com","pavanllb5@gmail.com","40314221021","8970694440","NOT SINGING IN
"
"2018/06/20 10:45:43 AM GMT+5:30","Reshmarinu@gmail.com","reshmarinu@gmai.com","40315101078 ","9686297270","Am not reciveing otp to my num the num which i had give is the same num am using"